{
 "tid": "100097",
 "name": "Tyrosine-protein kinase BTK",
 "n": 266,
 "n_scaffold": 114,
 "median_absdy": 0.6050000190734863,
 "collision_r3": 0.0,
 "tie_frac": 0.05639097744360902,
 "Rt": 1.344,
 "rf": {
  "real": {
   "S": 0.14222767744255427,
   "spear": 0.47909327442709454,
   "bal": 0.6452608142493639
  },
  "S_null_mean": -0.07687179137456407,
  "S_null_q": [
   -0.25788726917294946,
   -0.07157286114783834,
   0.10258582470335312
  ],
  "S_p_primary": 0.0009995002498750624,
  "S_real_minus_null": 0.21909946881711834,
  "S_p_secondary": 0.000999000999000999
 },
 "ridge": {
  "real": {
   "S": 0.12436896629784722,
   "spear": 0.44827781614580164,
   "bal": 0.6456106870229008
  },
  "S_null_mean": -0.09806011071757827,
  "S_null_q": [
   -0.28013212141852634,
   -0.09738135025283245,
   0.07002724576036681
  ],
  "S_p_primary": 0.0004997501249375312,
  "S_real_minus_null": 0.22242907701542547,
  "S_p_secondary": 0.000999000999000999
 }
}