{
 "tid": "103982",
 "name": "Nuclear receptor ROR-gamma",
 "n": 201,
 "n_scaffold": 119,
 "median_absdy": 0.75,
 "collision_r3": 0.08955223880597014,
 "tie_frac": 0.009950248756218905,
 "Rt": 1.667,
 "rf": {
  "real": {
   "S": 0.0865862488602559,
   "spear": 0.27529152826964765,
   "bal": 0.599563806045851
  },
  "S_null_mean": -0.020350097187967837,
  "S_null_q": [
   -0.08868525265727484,
   -0.018840551956754048,
   0.0414042283845219
  ],
  "S_p_primary": 0.0004997501249375312,
  "S_real_minus_null": 0.10693634604822373,
  "S_p_secondary": 0.000999000999000999
 },
 "ridge": {
  "real": {
   "S": 0.08477632470072394,
   "spear": 0.2757695403257422,
   "bal": 0.5754209778859809
  },
  "S_null_mean": -0.032344770955283396,
  "S_null_q": [
   -0.10679891640647003,
   -0.03184300820762598,
   0.04207659853447862
  ],
  "S_p_primary": 0.0009995002498750624,
  "S_real_minus_null": 0.11712109565600734,
  "S_p_secondary": 0.000999000999000999
 }
}