{
 "tid": "10849",
 "name": "Tyrosine-protein kinase JAK3",
 "n": 139,
 "n_scaffold": 78,
 "median_absdy": 0.1899999976158142,
 "collision_r3": 0.0,
 "tie_frac": 0.34532374100719426,
 "Rt": 0.422,
 "rf": {
  "real": {
   "S": -0.0394019343531824,
   "spear": 0.09071568300028655,
   "bal": 0.41326530612244894
  },
  "S_null_mean": -0.07114316761129426,
  "S_null_q": [
   -0.12577576226385428,
   -0.0708362789097563,
   -0.0193744804536477
  ],
  "S_p_primary": 0.11944027986006997,
  "S_real_minus_null": 0.03174123325811186,
  "S_p_secondary": 0.3706293706293706
 },
 "ridge": {
  "real": {
   "S": -0.012611210405717221,
   "spear": 0.10977268880660869,
   "bal": 0.5238095238095237
  },
  "S_null_mean": -0.09947503536730005,
  "S_null_q": [
   -0.19653721169684293,
   -0.0972301358923695,
   -0.0041001602783625425
  ],
  "S_p_primary": 0.04997501249375312,
  "S_real_minus_null": 0.08686382496158283,
  "S_p_secondary": 0.014985014985014986
 }
}