{
 "tid": "10906",
 "name": "Tyrosine-protein kinase SYK",
 "n": 82,
 "n_scaffold": 52,
 "median_absdy": 0.32999998331069946,
 "collision_r3": 0.0,
 "tie_frac": 0.0975609756097561,
 "Rt": 0.733,
 "rf": {
  "real": {
   "S": -0.04089434876102693,
   "spear": 0.1290743673507177,
   "bal": 0.41617647058823526
  },
  "S_null_mean": -0.05076783546156659,
  "S_null_q": [
   -0.14740718088394777,
   -0.043950948878309526,
   0.013553998064916669
  ],
  "S_p_primary": 0.46976511744127936,
  "S_real_minus_null": 0.009873486700539655,
  "S_p_secondary": 0.5904095904095904
 },
 "ridge": {
  "real": {
   "S": -0.1076373157000785,
   "spear": 0.07974815325808735,
   "bal": 0.4852941176470588
  },
  "S_null_mean": -0.12571172212787513,
  "S_null_q": [
   -0.23336184690483913,
   -0.12400469328123842,
   -0.021540077533859236
  ],
  "S_p_primary": 0.3708145927036482,
  "S_real_minus_null": 0.01807440642779662,
  "S_p_secondary": 0.46853146853146854
 }
}