{
 "tid": "10919",
 "name": "Tyrosine-protein kinase JAK1",
 "n": 207,
 "n_scaffold": 119,
 "median_absdy": 0.6000000238418579,
 "collision_r3": 0.0,
 "tie_frac": 0.12560386473429952,
 "Rt": 1.333,
 "rf": {
  "real": {
   "S": 0.17198090871992366,
   "spear": 0.43361373591449903,
   "bal": 0.6341642228739003
  },
  "S_null_mean": -0.037655540370751736,
  "S_null_q": [
   -0.1311368366562745,
   -0.036449215557770365,
   0.05480154526182503
  ],
  "S_p_primary": 0.0004997501249375312,
  "S_real_minus_null": 0.20963644909067541,
  "S_p_secondary": 0.000999000999000999
 },
 "ridge": {
  "real": {
   "S": 0.14034238504578056,
   "spear": 0.3891559422633352,
   "bal": 0.5842497556207233
  },
  "S_null_mean": -0.05512257792950902,
  "S_null_q": [
   -0.166277236191553,
   -0.0533513531402835,
   0.0498394573085293
  ],
  "S_p_primary": 0.0004997501249375312,
  "S_real_minus_null": 0.1954649629752896,
  "S_p_secondary": 0.000999000999000999
 }
}