{
 "tid": "10938",
 "name": "Tyrosine-protein kinase JAK2",
 "n": 199,
 "n_scaffold": 117,
 "median_absdy": 0.47999998927116394,
 "collision_r3": 0.0,
 "tie_frac": 0.16080402010050251,
 "Rt": 1.067,
 "rf": {
  "real": {
   "S": 0.1597630325023478,
   "spear": 0.40240431067859894,
   "bal": 0.5617647058823529
  },
  "S_null_mean": -0.04109268387791019,
  "S_null_q": [
   -0.1628680522473798,
   -0.04076881798107823,
   0.07398493271775919
  ],
  "S_p_primary": 0.0004997501249375312,
  "S_real_minus_null": 0.20085571638025798,
  "S_p_secondary": 0.000999000999000999
 },
 "ridge": {
  "real": {
   "S": 0.1784186151009417,
   "spear": 0.35899852399625026,
   "bal": 0.5918220946915351
  },
  "S_null_mean": -0.05249168722877454,
  "S_null_q": [
   -0.18314886984062798,
   -0.05064883701118972,
   0.06914845180623674
  ],
  "S_p_primary": 0.0004997501249375312,
  "S_real_minus_null": 0.23091030232971624,
  "S_p_secondary": 0.000999000999000999
 }
}