{
 "tid": "11177",
 "name": "Phosphatidylinositol 4,5-bisphosphate 3-kinase catalytic subunit delta isoform",
 "n": 98,
 "n_scaffold": 57,
 "median_absdy": 0.3199999928474426,
 "collision_r3": 0.0,
 "tie_frac": 0.10204081632653061,
 "Rt": 0.711,
 "rf": {
  "real": {
   "S": -0.025796030580929274,
   "spear": 0.3237658000607699,
   "bal": 0.6031578947368421
  },
  "S_null_mean": -0.04137694343993517,
  "S_null_q": [
   -0.10680343166172811,
   -0.04089225158365961,
   0.020267073467743642
  ],
  "S_p_primary": 0.31984007996002,
  "S_real_minus_null": 0.015580912859005897,
  "S_p_secondary": 0.23376623376623376
 },
 "ridge": {
  "real": {
   "S": -0.00676950445863711,
   "spear": 0.15573223727833405,
   "bal": 0.5357894736842105
  },
  "S_null_mean": -0.06661382382637976,
  "S_null_q": [
   -0.1686418294683092,
   -0.06653465111037993,
   0.03641033799435509
  ],
  "S_p_primary": 0.13943028485757122,
  "S_real_minus_null": 0.05984431936774265,
  "S_p_secondary": 0.03596403596403597
 }
}