{
 "tid": "11307",
 "name": "Protein deacetylase HDAC6",
 "n": 83,
 "n_scaffold": 53,
 "median_absdy": 0.30000001192092896,
 "collision_r3": 0.012048192771084338,
 "tie_frac": 0.04819277108433735,
 "Rt": 0.667,
 "rf": {
  "real": {
   "S": 0.2374458809977653,
   "spear": 0.32408249913554044,
   "bal": 0.5436456996148908
  },
  "S_null_mean": -0.032607424238809204,
  "S_null_q": [
   -0.21881037442104515,
   -0.030219648511307762,
   0.15047007380696747
  ],
  "S_p_primary": 0.0014992503748125937,
  "S_real_minus_null": 0.2700533052365745,
  "S_p_secondary": 0.000999000999000999
 },
 "ridge": {
  "real": {
   "S": 0.21600568099587025,
   "spear": 0.4393934622651869,
   "bal": 0.5821566110397947
  },
  "S_null_mean": -0.052716006674581865,
  "S_null_q": [
   -0.22892323816435808,
   -0.05171774499070658,
   0.12822056652783176
  ],
  "S_p_primary": 0.0004997501249375312,
  "S_real_minus_null": 0.2687216876704521,
  "S_p_secondary": 0.000999000999000999
 }
}