{
 "tid": "11638",
 "name": "Mitogen-activated protein kinase 1",
 "n": 102,
 "n_scaffold": 64,
 "median_absdy": 1.4299999475479126,
 "collision_r3": 0.0,
 "tie_frac": 0.0196078431372549,
 "Rt": 3.178,
 "rf": {
  "real": {
   "S": 0.14923747285198186,
   "spear": 0.37775428020261953,
   "bal": 0.5556027164685908
  },
  "S_null_mean": -0.016982889183229526,
  "S_null_q": [
   -0.1372137075808292,
   -0.015740166506621356,
   0.08926398315809068
  ],
  "S_p_primary": 0.0004997501249375312,
  "S_real_minus_null": 0.16622036203521137,
  "S_p_secondary": 0.000999000999000999
 },
 "ridge": {
  "real": {
   "S": 0.2149107904218659,
   "spear": 0.5354472073931589,
   "bal": 0.6353989813242784
  },
  "S_null_mean": -0.0276829198370716,
  "S_null_q": [
   -0.1551175372271535,
   -0.027780480335786173,
   0.09025037483605722
  ],
  "S_p_primary": 0.0004997501249375312,
  "S_real_minus_null": 0.2425937102589375,
  "S_p_secondary": 0.000999000999000999
 }
}