{
 "tid": "12252",
 "name": "Beta-secretase 1",
 "n": 112,
 "n_scaffold": 59,
 "median_absdy": 1.7999999523162842,
 "collision_r3": 0.05357142857142857,
 "tie_frac": 0.008928571428571428,
 "Rt": 4.0,
 "rf": {
  "real": {
   "S": 0.2405615105913287,
   "spear": 0.526181173388387,
   "bal": 0.5941558441558441
  },
  "S_null_mean": -0.04598317070773299,
  "S_null_q": [
   -0.352920961268176,
   -0.03897890652488678,
   0.21809437428330425
  ],
  "S_p_primary": 0.010994502748625687,
  "S_real_minus_null": 0.2865446812990617,
  "S_p_secondary": 0.000999000999000999
 },
 "ridge": {
  "real": {
   "S": 0.29839382248110646,
   "spear": 0.5847986310867426,
   "bal": 0.6844155844155844
  },
  "S_null_mean": -0.059648112994078406,
  "S_null_q": [
   -0.42122262791762743,
   -0.05691503519120977,
   0.260165355915389
  ],
  "S_p_primary": 0.004997501249375313,
  "S_real_minus_null": 0.35804193547518487,
  "S_p_secondary": 0.000999000999000999
 }
}