{
 "tid": "12694",
 "name": "Non-receptor tyrosine-protein kinase TYK2",
 "n": 95,
 "n_scaffold": 51,
 "median_absdy": 0.47999998927116394,
 "collision_r3": 0.0,
 "tie_frac": 0.29473684210526313,
 "Rt": 1.067,
 "rf": {
  "real": {
   "S": 0.02137151533657411,
   "spear": 0.21679465034281767,
   "bal": 0.4133928571428571
  },
  "S_null_mean": -0.019787416973548695,
  "S_null_q": [
   -0.07606415229337472,
   -0.019495278693059115,
   0.02902268257854751
  ],
  "S_p_primary": 0.06296851574212893,
  "S_real_minus_null": 0.041158932310122805,
  "S_p_secondary": 0.1008991008991009
 },
 "ridge": {
  "real": {
   "S": 0.03709981395020778,
   "spear": 0.2401627333721886,
   "bal": 0.6241071428571429
  },
  "S_null_mean": -0.04465847586799873,
  "S_null_q": [
   -0.1261120002102826,
   -0.04469043508791237,
   0.035546527193849105
  ],
  "S_p_primary": 0.02348825587206397,
  "S_real_minus_null": 0.08175828981820651,
  "S_p_secondary": 0.014985014985014986
 }
}