{
 "tid": "165",
 "name": "Voltage-gated inwardly rectifying potassium channel KCNH2",
 "n": 129,
 "n_scaffold": 95,
 "median_absdy": 0.20999999344348907,
 "collision_r3": 0.0,
 "tie_frac": 0.05426356589147287,
 "Rt": 0.467,
 "rf": {
  "real": {
   "S": -0.0065269050431631115,
   "spear": 0.09211767718555645,
   "bal": 0.5108932461873639
  },
  "S_null_mean": -0.051660099870629195,
  "S_null_q": [
   -0.10734382227106248,
   -0.047865742597217986,
   -0.004824463255421706
  ],
  "S_p_primary": 0.030484757621189407,
  "S_real_minus_null": 0.04513319482746608,
  "S_p_secondary": 0.03396603396603397
 },
 "ridge": {
  "real": {
   "S": -0.11644866313221791,
   "spear": -0.010242515902380662,
   "bal": 0.4722222222222222
  },
  "S_null_mean": -0.09456403640097708,
  "S_null_q": [
   -0.1465767899839542,
   -0.09459485379201005,
   -0.040197446379799155
  ],
  "S_p_primary": 0.7811094452773614,
  "S_real_minus_null": -0.021884626731240836,
  "S_p_secondary": 0.5164835164835165
 }
}