{
 "tid": "19639",
 "name": "Interleukin-1 receptor-associated kinase 4",
 "n": 172,
 "n_scaffold": 82,
 "median_absdy": 0.4599999785423279,
 "collision_r3": 0.0,
 "tie_frac": 0.0755813953488372,
 "Rt": 1.022,
 "rf": {
  "real": {
   "S": 0.014560076879676531,
   "spear": 0.22239425465770107,
   "bal": 0.5908713002993016
  },
  "S_null_mean": -0.039758803234274914,
  "S_null_q": [
   -0.10475631737700222,
   -0.03980998024163629,
   0.029529567434325412
  ],
  "S_p_primary": 0.06296851574212893,
  "S_real_minus_null": 0.054318880113951445,
  "S_p_secondary": 0.060939060939060936
 },
 "ridge": {
  "real": {
   "S": 0.026419632465479403,
   "spear": 0.21853445763778187,
   "bal": 0.5798969072164948
  },
  "S_null_mean": -0.04866061521308786,
  "S_null_q": [
   -0.12760051483590823,
   -0.04852705733974816,
   0.030908886188405257
  ],
  "S_p_primary": 0.030484757621189407,
  "S_real_minus_null": 0.07508024767856726,
  "S_p_secondary": 0.005994005994005994
 }
}