{
 "tid": "9",
 "name": "Epidermal growth factor receptor",
 "n": 82,
 "n_scaffold": 64,
 "median_absdy": 0.3700000047683716,
 "collision_r3": 0.0,
 "tie_frac": 0.12195121951219512,
 "Rt": 0.822,
 "rf": {
  "real": {
   "S": 0.03769253505141734,
   "spear": 0.16764527829737672,
   "bal": 0.4119047619047619
  },
  "S_null_mean": -0.02191485738597868,
  "S_null_q": [
   -0.08548643814157988,
   -0.0220028866098797,
   0.039733304330806116
  ],
  "S_p_primary": 0.031984007996002,
  "S_real_minus_null": 0.05960739243739602,
  "S_p_secondary": 0.014985014985014986
 },
 "ridge": {
  "real": {
   "S": -0.008220452575370185,
   "spear": -0.014445158374037488,
   "bal": 0.44285714285714284
  },
  "S_null_mean": -0.11533446339341116,
  "S_null_q": [
   -0.2396158790338943,
   -0.11320879953081386,
   0.007219024571674381
  ],
  "S_p_primary": 0.047476261869065464,
  "S_real_minus_null": 0.10711401081804098,
  "S_p_secondary": 0.052947052947052944
 }
}