{
 "targets": [
  {
   "tid": "100097",
   "name": "Tyrosine-protein kinase BTK",
   "n": 266,
   "n_scaffold": 114,
   "median_absdy": 0.6050000190734863,
   "collision_r3": 0.0,
   "tie_frac": 0.05639097744360902,
   "Rt": 1.344,
   "rf": {
    "real": {
     "S": 0.14222767744255427,
     "spear": 0.47909327442709454,
     "bal": 0.6452608142493639
    },
    "S_null_mean": -0.07687179137456407,
    "S_null_q": [
     -0.25788726917294946,
     -0.07157286114783834,
     0.10258582470335312
    ],
    "S_p_primary": 0.0009995002498750624,
    "S_real_minus_null": 0.21909946881711834,
    "S_p_secondary": 0.000999000999000999
   },
   "ridge": {
    "real": {
     "S": 0.12436896629784722,
     "spear": 0.44827781614580164,
     "bal": 0.6456106870229008
    },
    "S_null_mean": -0.09806011071757827,
    "S_null_q": [
     -0.28013212141852634,
     -0.09738135025283245,
     0.07002724576036681
    ],
    "S_p_primary": 0.0004997501249375312,
    "S_real_minus_null": 0.22242907701542547,
    "S_p_secondary": 0.000999000999000999
   },
   "category": "inconclusive",
   "BH_q": 0.0028
  },
  {
   "tid": "10919",
   "name": "Tyrosine-protein kinase JAK1",
   "n": 207,
   "n_scaffold": 119,
   "median_absdy": 0.6000000238418579,
   "collision_r3": 0.0,
   "tie_frac": 0.12560386473429952,
   "Rt": 1.333,
   "rf": {
    "real": {
     "S": 0.17198090871992366,
     "spear": 0.43361373591449903,
     "bal": 0.6341642228739003
    },
    "S_null_mean": -0.037655540370751736,
    "S_null_q": [
     -0.1311368366562745,
     -0.036449215557770365,
     0.05480154526182503
    ],
    "S_p_primary": 0.0004997501249375312,
    "S_real_minus_null": 0.20963644909067541,
    "S_p_secondary": 0.000999000999000999
   },
   "ridge": {
    "real": {
     "S": 0.14034238504578056,
     "spear": 0.3891559422633352,
     "bal": 0.5842497556207233
    },
    "S_null_mean": -0.05512257792950902,
    "S_null_q": [
     -0.166277236191553,
     -0.0533513531402835,
     0.0498394573085293
    ],
    "S_p_primary": 0.0004997501249375312,
    "S_real_minus_null": 0.1954649629752896,
    "S_p_secondary": 0.000999000999000999
   },
   "category": "positive",
   "BH_q": 0.007
  },
  {
   "tid": "103982",
   "name": "Nuclear receptor ROR-gamma",
   "n": 201,
   "n_scaffold": 119,
   "median_absdy": 0.75,
   "collision_r3": 0.08955223880597014,
   "tie_frac": 0.009950248756218905,
   "Rt": 1.667,
   "rf": {
    "real": {
     "S": 0.0865862488602559,
     "spear": 0.27529152826964765,
     "bal": 0.599563806045851
    },
    "S_null_mean": -0.020350097187967837,
    "S_null_q": [
     -0.08868525265727484,
     -0.018840551956754048,
     0.0414042283845219
    ],
    "S_p_primary": 0.0004997501249375312,
    "S_real_minus_null": 0.10693634604822373,
    "S_p_secondary": 0.000999000999000999
   },
   "ridge": {
    "real": {
     "S": 0.08477632470072394,
     "spear": 0.2757695403257422,
     "bal": 0.5754209778859809
    },
    "S_null_mean": -0.032344770955283396,
    "S_null_q": [
     -0.10679891640647003,
     -0.03184300820762598,
     0.04207659853447862
    ],
    "S_p_primary": 0.0009995002498750624,
    "S_real_minus_null": 0.11712109565600734,
    "S_p_secondary": 0.000999000999000999
   },
   "category": "positive",
   "BH_q": 0.0035
  },
  {
   "tid": "10938",
   "name": "Tyrosine-protein kinase JAK2",
   "n": 199,
   "n_scaffold": 117,
   "median_absdy": 0.47999998927116394,
   "collision_r3": 0.0,
   "tie_frac": 0.16080402010050251,
   "Rt": 1.067,
   "rf": {
    "real": {
     "S": 0.1597630325023478,
     "spear": 0.40240431067859894,
     "bal": 0.5617647058823529
    },
    "S_null_mean": -0.04109268387791019,
    "S_null_q": [
     -0.1628680522473798,
     -0.04076881798107823,
     0.07398493271775919
    ],
    "S_p_primary": 0.0004997501249375312,
    "S_real_minus_null": 0.20085571638025798,
    "S_p_secondary": 0.000999000999000999
   },
   "ridge": {
    "real": {
     "S": 0.1784186151009417,
     "spear": 0.35899852399625026,
     "bal": 0.5918220946915351
    },
    "S_null_mean": -0.05249168722877454,
    "S_null_q": [
     -0.18314886984062798,
     -0.05064883701118972,
     0.06914845180623674
    ],
    "S_p_primary": 0.0004997501249375312,
    "S_real_minus_null": 0.23091030232971624,
    "S_p_secondary": 0.000999000999000999
   },
   "category": "positive",
   "BH_q": 0.0023
  },
  {
   "tid": "19639",
   "name": "Interleukin-1 receptor-associated kinase 4",
   "n": 172,
   "n_scaffold": 82,
   "median_absdy": 0.4599999785423279,
   "collision_r3": 0.0,
   "tie_frac": 0.0755813953488372,
   "Rt": 1.022,
   "rf": {
    "real": {
     "S": 0.014560076879676531,
     "spear": 0.22239425465770107,
     "bal": 0.5908713002993016
    },
    "S_null_mean": -0.039758803234274914,
    "S_null_q": [
     -0.10475631737700222,
     -0.03980998024163629,
     0.029529567434325412
    ],
    "S_p_primary": 0.06296851574212893,
    "S_real_minus_null": 0.054318880113951445,
    "S_p_secondary": 0.060939060939060936
   },
   "ridge": {
    "real": {
     "S": 0.026419632465479403,
     "spear": 0.21853445763778187,
     "bal": 0.5798969072164948
    },
    "S_null_mean": -0.04866061521308786,
    "S_null_q": [
     -0.12760051483590823,
     -0.04852705733974816,
     0.030908886188405257
    ],
    "S_p_primary": 0.030484757621189407,
    "S_real_minus_null": 0.07508024767856726,
    "S_p_secondary": 0.005994005994005994
   },
   "category": "inconclusive",
   "BH_q": 0.0882
  },
  {
   "tid": "10849",
   "name": "Tyrosine-protein kinase JAK3",
   "n": 139,
   "n_scaffold": 78,
   "median_absdy": 0.1899999976158142,
   "collision_r3": 0.0,
   "tie_frac": 0.34532374100719426,
   "Rt": 0.422,
   "rf": {
    "real": {
     "S": -0.0394019343531824,
     "spear": 0.09071568300028655,
     "bal": 0.41326530612244894
    },
    "S_null_mean": -0.07114316761129426,
    "S_null_q": [
     -0.12577576226385428,
     -0.0708362789097563,
     -0.0193744804536477
    ],
    "S_p_primary": 0.11944027986006997,
    "S_real_minus_null": 0.03174123325811186,
    "S_p_secondary": 0.3706293706293706
   },
   "ridge": {
    "real": {
     "S": -0.012611210405717221,
     "spear": 0.10977268880660869,
     "bal": 0.5238095238095237
    },
    "S_null_mean": -0.09947503536730005,
    "S_null_q": [
     -0.19653721169684293,
     -0.0972301358923695,
     -0.0041001602783625425
    ],
    "S_p_primary": 0.04997501249375312,
    "S_real_minus_null": 0.08686382496158283,
    "S_p_secondary": 0.014985014985014986
   },
   "category": "null",
   "BH_q": 0.1393
  },
  {
   "tid": "165",
   "name": "Voltage-gated inwardly rectifying potassium channel KCNH2",
   "n": 129,
   "n_scaffold": 95,
   "median_absdy": 0.20999999344348907,
   "collision_r3": 0.0,
   "tie_frac": 0.05426356589147287,
   "Rt": 0.467,
   "rf": {
    "real": {
     "S": -0.0065269050431631115,
     "spear": 0.09211767718555645,
     "bal": 0.5108932461873639
    },
    "S_null_mean": -0.051660099870629195,
    "S_null_q": [
     -0.10734382227106248,
     -0.047865742597217986,
     -0.004824463255421706
    ],
    "S_p_primary": 0.030484757621189407,
    "S_real_minus_null": 0.04513319482746608,
    "S_p_secondary": 0.03396603396603397
   },
   "ridge": {
    "real": {
     "S": -0.11644866313221791,
     "spear": -0.010242515902380662,
     "bal": 0.4722222222222222
    },
    "S_null_mean": -0.09456403640097708,
    "S_null_q": [
     -0.1465767899839542,
     -0.09459485379201005,
     -0.040197446379799155
    ],
    "S_p_primary": 0.7811094452773614,
    "S_real_minus_null": -0.021884626731240836,
    "S_p_secondary": 0.5164835164835165
   },
   "category": "null",
   "BH_q": 0.0533
  },
  {
   "tid": "12252",
   "name": "Beta-secretase 1",
   "n": 112,
   "n_scaffold": 59,
   "median_absdy": 1.7999999523162842,
   "collision_r3": 0.05357142857142857,
   "tie_frac": 0.008928571428571428,
   "Rt": 4.0,
   "rf": {
    "real": {
     "S": 0.2405615105913287,
     "spear": 0.526181173388387,